<application>
  <component name="DeclarativeInlayHintsSettings">
    <option name="enabledOptions">
      <map>
        <entry key="kotlin.lambdas.hints#hints.lambda.receivers.parameters" value="false" />
        <entry key="kotlin.references.types.hints#hints.type.variable" value="false" />
      </map>
    </option>
    <option name="providerIdToEnabled">
      <map>
        <entry key="kotlin.lambdas.hints" value="true" />
        <entry key="kotlin.parameters.hints" value="false" />
        <entry key="kotlin.references.types.hints" value="true" />
      </map>
    </option>
  </component>
  <component name="InlineCompletionOnboarding">
    <option name="onboardingFinished" value="true" />
  </component>
</application>