<application>
  <component name="StudioBotSettings">
    <option name="contextSharingModeV2" value="AlwaysShare" />
    <option name="onboardedVersion" value="3" />
    <option name="queryHistory">
      <list>
        <historyEntry timestamp="1758958783604">I'm getting the following error while building my project. The error is: Can't determine type for tag '&lt;com.google.android.material.appbar.MaterialToolbar android:background=&quot;@color/purple_700&quot; android:id=&quot;@+id/topAppBar&quot; android:layout_height=&quot;wrap_content&quot; android:layout_width=&quot;match_parent&quot; android:title=&quot;Home&quot; android:titleTextColor=&quot;@android:color/white&quot; app:titleCentered=&quot;true&quot;/&gt;'
```
$ ./gradlew :app:mergeDebugResources
Can't determine type for tag '&lt;com.google.android.material.appbar.MaterialToolbar android:background=&quot;@color/purple_700&quot; android:id=&quot;@+id/topAppBar&quot; android:layout_height=&quot;wrap_content&quot; android:layout_width=&quot;match_parent&quot; android:title=&quot;Home&quot; android:titleTextColor=&quot;@android:color/white&quot; app:titleCentered=&quot;true&quot;/&gt;'
```
How do I fix this?</historyEntry>
        <historyEntry timestamp="1758957666711">I'm getting the following error while building my project. The error is: Can't determine type for tag '&lt;LinearLayout android:layout_height=&quot;match_parent&quot; android:layout_width=&quot;match_parent&quot; android:orientation=&quot;vertical&quot; xmlns:android=&quot;http://schemas.android.com/apk/res/android&quot; xmlns:app=&quot;http://schemas.android.com/apk/res-auto&quot;&gt;
```
$ ./gradlew :app:mergeDebugResources
Can't determine type for tag '&lt;LinearLayout android:layout_height=&quot;match_parent&quot; android:layout_width=&quot;match_parent&quot; android:orientation=&quot;vertical&quot; xmlns:android=&quot;http://schemas.android.com/apk/res/android&quot; xmlns:app=&quot;http://schemas.android.com/apk/res-auto&quot;&gt;

    &lt;!-- Top AppBar --&gt;
    &lt;com.google.android.material.appbar.MaterialToolbar android:background=&quot;@color/purple_700&quot; android:id=&quot;@+id/topAppBar&quot; android:layout_height=&quot;wrap_content&quot; android:layout_width=&quot;match_parent&quot; android:title=&quot;Home&quot; android:titleTextColor=&quot;@android:color/white&quot; app:titleCentered=&quot;true&quot;/&gt;

    &lt;!-- Container for Fragments --&gt;
    &lt;FrameLayout android:id=&quot;@+id/fragment_container&quot; android:layout_height=&quot;0dp&quot; android:layout_weight=&quot;1&quot; android:layout_width=&quot;match_parent&quot;/&gt;

    &lt;!-- Bottom Navigation --&gt;
    &lt;com.google.android.material.bottomnavigation.BottomNavigationView android:id=&quot;@+id/bottom_nav&quot; android:layout_height=&quot;wrap_content&quot; android:layout_width=&quot;match_parent&quot; app:menu=&quot;@menu/bottom_nav_menu&quot;/&gt;
```
How do I fix this?</historyEntry>
        <historyEntry timestamp="1758957058632">I'm getting the following error while building my project. The error is: The processing instruction target matching &quot;[xX][mM][lL]&quot; is not allowed.
```
$ ./gradlew :app:mergeDebugResources
org.xml.sax.SAXParseException; lineNumber: 2; columnNumber: 17; The processing instruction target matching &quot;[xX][mM][lL]&quot; is not allowed.
	at java.xml/com.sun.org.apache.xerces.internal.util.ErrorHandlerWrapper.createSAXParseException(Unknown Source)
	at java.xml/com.sun.org.apache.xerces.internal.util.ErrorHandlerWrapper.fatalError(Unknown Source)
	at java.xml/com.sun.org.apache.xerces.internal.impl.XMLErrorReporter.reportError(Unknown Source)
	at java.xml/com.sun.org.apache.xerces.internal.impl.XMLErrorReporter.reportError(Unknown Source)
	at java.xml/com.sun.org.apache.xerces.internal.impl.XMLScanner.reportFatalError(Unknown Source)
	at java.xml/com.sun.org.apache.xerces.internal.impl.XMLScanner.scanPIData(Unknown Source)
	at java.xml/com.sun.org.apache.xerces.internal.impl.XMLDocumentFragmentScannerImpl.scanPIData(Unknown Source)
	at java.xml/com.sun.org.apache.xerces.internal.impl.XMLScanner.scanPI(Unknown Source)
	at java.xml/com.sun.org.apache.xerces.internal.impl.XMLDocumentFragmentScannerImpl$FragmentContentDriver.next(Unknown Source)
```
How do I fix this?</historyEntry>
        <historyEntry timestamp="1758951709136">Make suggestions to improve this code:
```kotlin
package com.example.homefragment

import android.os.Bundle
import androidx.appcompat.app.AppCompatActivity
import androidx.navigation.findNavController
import com.example.homefragment.databinding.ActivityMainBinding
import androidx.navigation.ui.AppBarConfiguration
import androidx.navigation.ui.setupActionBarWithNavController
import androidx.navigation.ui.setupWithNavController

class MainActivity : AppCompatActivity() {

    private lateinit var binding: ActivityMainBinding

    override fun onCreate(savedInstanceState: Bundle?) {
        super.onCreate(savedInstanceState)
        binding = ActivityMainBinding.inflate(layoutInflater)
        setContentView(binding.root)

        val navController = findNavController(R.id.nav_host_fragment)
        // Passing each menu ID as a set of Ids because each
        // menu should be considered as top level destinations.
        val appBarConfiguration = AppBarConfiguration(setOf(
            R.id.navigation_home, R.id.navigation_dashboard, R.id.navigation_notifications))
        setupActionBarWithNavController(navController, appBarConfiguration)
        binding.bottomNav.setupWithNavController(navController)
    }
}
```</historyEntry>
        <historyEntry timestamp="1755847191132">package com.example.myapplicationrgbhex

import android.graphics.Color
import android.os.Bundle
import android.widget.Button
import android.widget.Toast
import android.view.View
import com.google.android.material.textfield.TextInputEditText
import androidx.appcompat.app.AppCompatActivity

class MainActivity : AppCompatActivity() {

    override fun onCreate(savedInstanceState: Bundle?) {
        super.onCreate(savedInstanceState)
        setContentView(R.layout.activity_main)

        val redInput = findViewById&lt;TextInputEditText&gt;(R.id.redInput)
        val greenInput = findViewById&lt;TextInputEditText&gt;(R.id.greenInput)
        val blueInput = findViewById&lt;TextInputEditText&gt;(R.id.blueInput)
        val createColorButton = findViewById&lt;Button&gt;(R.id.createColorButton)
        val colorDisplay = findViewById&lt;View&gt;(R.id.colorDisplay)

        createColorButton.setOnClickListener {
            val red = redInput.text.toString().trim()
            val green = greenInput.text.toString().trim()
            val blue = blueInput.text.toString().trim()

            if (isValidHex(red) &amp;&amp; isValidHex(green) &amp;&amp; isValidHex(blue)) {
                val hexColor = &quot;#${red}${green}${blue}&quot;
                try {
                    colorDisplay.setBackgroundColor(Color.parseColor(hexColor))
                } catch (e: IllegalArgumentException) {
                    Toast.makeText(this, &quot;Invalid color format&quot;, Toast.LENGTH_SHORT).show()
                }
            } else {
                Toast.makeText(this, &quot;Please enter valid 2-digit hex values (0-9, A-F)&quot;, Toast.LENGTH_SHORT).show()
            }
        }
    }

    private fun isValidHex(value: String): Boolean {
        val regex = Regex(&quot;^[0-9A-Fa-f]{2}$&quot;)
        return regex.matches(value)
    }
}</historyEntry>
        <historyEntry timestamp="1755842830386">This file below contains code that is exhibiting performance issues (e.g., slow execution, high CPU usage, memory leaks). Analyze the code to identify the specific performance bottlenecks. Suggest and implement optimizations to address these bottlenecks. Include comments explaining the changes and their expected impact on performance. If applicable, add logging or other performance metrics to measure the improvements.
```
&lt;?xml version=&quot;1.0&quot; encoding=&quot;utf-8&quot;?&gt;
&lt;LinearLayout xmlns:android=&quot;http://schemas.android.com/apk/res/android&quot;
    xmlns:tools=&quot;http://schemas.android.com/tools&quot;
    android:layout_width=&quot;match_parent&quot;
    android:layout_height=&quot;match_parent&quot;
    android:orientation=&quot;vertical&quot;
    android:padding=&quot;16dp&quot;
    android:background=&quot;@android:color/white&quot;
    tools:context=&quot;.MainActivity&quot;&gt;

    &lt;!-- Title --&gt;
    &lt;TextView
        android:layout_width=&quot;match_parent&quot;
        android:layout_height=&quot;wrap_content&quot;
        android:text=&quot;Create an RGB Color&quot;
        android:textSize=&quot;20sp&quot;
        android:textStyle=&quot;bold&quot;
        android:gravity=&quot;center&quot;
        android:paddingBottom=&quot;8dp&quot; /&gt;

    &lt;!-- Subtitle --&gt;
    &lt;TextView
        android:layout_width=&quot;match_parent&quot;
        android:layout_height=&quot;wrap_content&quot;
        android:text=&quot;Add two hexadecimal characters between 0-9, A-F or a-f without the '#' for each channel&quot;
        android:textSize=&quot;14sp&quot;
        android:gravity=&quot;center&quot;
        android:layout_marginBottom=&quot;16dp&quot;
        android:paddingHorizontal=&quot;8dp&quot; /&gt;

    &lt;!-- Red Channel Input --&gt;
    &lt;EditText
        android:id=&quot;@+id/redInput&quot;
        android:layout_width=&quot;match_parent&quot;
        android:layout_height=&quot;wrap_content&quot;
        android:hint=&quot;Red Channel&quot;
        android:inputType=&quot;text&quot;
        android:maxLength=&quot;2&quot;
        android:singleLine=&quot;true&quot;
        android:layout_marginBottom=&quot;12dp&quot; /&gt;

    &lt;!-- Green Channel Input --&gt;
    &lt;EditText
        android:id=&quot;@+id/greenInput&quot;
        android:layout_width=&quot;match_parent&quot;
        android:layout_height=&quot;wrap_content&quot;
        android:hint=&quot;Green Channel&quot;
        android:inputType=&quot;text&quot;
        android:maxLength=&quot;2&quot;
        android:singleLine=&quot;true&quot;
        android:layout_marginBottom=&quot;12dp&quot; /&gt;

    &lt;!-- Blue Channel Input --&gt;
    &lt;EditText
        android:id=&quot;@+id/blueInput&quot;
        android:layout_width=&quot;match_parent&quot;
        android:layout_height=&quot;wrap_content&quot;
        android:hint=&quot;Blue Channel&quot;
        android:inputType=&quot;text&quot;
        android:maxLength=&quot;2&quot;
        android:singleLine=&quot;true&quot;
        android:layout_marginBottom=&quot;16dp&quot; /&gt;

    &lt;!-- Create RGB Button --&gt;
    &lt;Button
        android:id=&quot;@+id/createRgbButton&quot;
        android:layout_width=&quot;match_parent&quot;
        android:layout_height=&quot;wrap_content&quot;
        android:text=&quot;CREATE RGB COLOR&quot;
        android:backgroundTint=&quot;@android:color/holo_green_dark&quot;
        android:textColor=&quot;@android:color/white&quot;
        android:layout_marginBottom=&quot;16dp&quot; /&gt;

    &lt;!-- Color Display Panel --&gt;
    &lt;TextView
        android:id=&quot;@+id/colorDisplay&quot;
        android:layout_width=&quot;match_parent&quot;
        android:layout_height=&quot;50dp&quot;
        android:gravity=&quot;center&quot;
        android:background=&quot;@android:color/holo_red_dark&quot;
        android:text=&quot;Created color display panel&quot;
        android:textColor=&quot;@android:color/white&quot;
        android:textStyle=&quot;bold&quot; /&gt;
&lt;/LinearLayout&gt;

```</historyEntry>
        <historyEntry timestamp="1755842316201">&lt;?xml version=&quot;1.0&quot; encoding=&quot;utf-8&quot;?&gt;
&lt;LinearLayout xmlns:android=&quot;http://schemas.android.com/apk/res/android&quot;
    xmlns:tools=&quot;http://schemas.android.com/tools&quot;
    android:layout_width=&quot;match_parent&quot;
    android:layout_height=&quot;match_parent&quot;
    android:orientation=&quot;vertical&quot;
    android:padding=&quot;16dp&quot;
    tools:context=&quot;.MainActivity&quot;&gt;</historyEntry>
        <historyEntry timestamp="1755343375832">actions = {
            IconButton(onClick = {}) { Icon(Icons.Default.Search, contentDescription = &quot;Search&quot;) }
            Box {
                IconButton(onClick = {}) {
                    Icon(
                        Icons.Default.Message, contentDescription = &quot;Messenger&quot;,
                        modifier = TODO(), tint = TODO()
                    )
                }
            }
        }
    )
}</historyEntry>
        <historyEntry timestamp="1755339638981">IconButton(onClick = {}) { Icon(Icons.Default.Message, contentDescription = &quot;Messenger&quot;) }</historyEntry>
        <historyEntry timestamp="1755338992732">package com.example.facebookclone

import android.os.Bundle
import androidx.activity.ComponentActivity
import androidx.activity.compose.setContent
import androidx.compose.foundation.Image
import androidx.compose.foundation.background
import androidx.compose.foundation.layout.*
import androidx.compose.foundation.shape.CircleShape
import androidx.compose.material.icons.Icons
import androidx.compose.material.icons.filled.*
import androidx.compose.material3.*
import androidx.compose.material3.HorizontalDivider
import androidx.compose.runtime.Composable
import androidx.compose.ui.Alignment
import androidx.compose.ui.Modifier
import androidx.compose.ui.graphics.Color
import androidx.compose.ui.res.painterResource
import androidx.compose.ui.text.font.FontWeight
import androidx.compose.ui.unit.dp
import androidx.compose.ui.unit.sp

class MainActivity : ComponentActivity() {
    override fun onCreate(savedInstanceState: Bundle?) {
        super.onCreate(savedInstanceState)
        setContent {
            FacebookApp()
        }
    }
}

@Composable
fun FacebookApp() {
    Scaffold(
        topBar = { FacebookTopBar() },
        bottomBar = { FacebookBottomNav() }
    ) { padding -&gt;
        Column(
            modifier = Modifier
                .fillMaxSize()
                .padding(padding)
        ) {
            StoriesSection()
            HorizontalDivider(Modifier, DividerDefaults.Thickness, DividerDefaults.color)
            PostSection(userName = &quot;John Doe&quot;, postText = &quot;Hello world! This is my first post.&quot;)
            HorizontalDivider(Modifier, DividerDefaults.Thickness, DividerDefaults.color)
            PostSection(userName = &quot;Jane Smith&quot;, postText = &quot;Enjoying a sunny day 🌞&quot;)
        }
    }
}

@OptIn(ExperimentalMaterial3Api::class)
@Composable
fun FacebookTopBar() {
    TopAppBar(
        title = {
            Text(&quot;Facebook&quot;, color = Color(0xFF1877F2), fontWeight = FontWeight.Bold, fontSize = 22.sp)
        },
        actions = {
            IconButton(onClick = {}) { Icon(Icons.Default.Search, contentDescription = &quot;Search&quot;) }
            IconButton(onClick = {}) { Icon(Icons.Default.Message, contentDescription = &quot;Messenger&quot;) }
        }
    )
}

@Composable
fun StoriesSection() {
    Row(
        modifier = Modifier
            .fillMaxWidth()
            .padding(8.dp),
        horizontalArrangement = Arrangement.SpaceAround
    ) {
        StoryItem(&quot;You&quot;)
        StoryItem(&quot;Alice&quot;)
        StoryItem(&quot;Bob&quot;)
    }
}

@Composable
fun StoryItem(name: String) {
    Column(horizontalAlignment = Alignment.CenterHorizontally) {
        Box(
            modifier = Modifier
                .size(60.dp)
                .background(Color.Gray, shape = CircleShape)
        )
        Text(name, fontSize = 12.sp)
    }
}

@Composable
fun PostSection(userName: String, postText: String) {
    Column(modifier = Modifier.padding(12.dp)) {
        Row(verticalAlignment = Alignment.CenterVertically) {
            Box(
                modifier = Modifier
                    .size(40.dp)
                    .background(Color.Gray, shape = CircleShape)
            )
            Spacer(modifier = Modifier.width(8.dp))
            Text(userName, fontWeight = FontWeight.Bold)
        }
        Spacer(modifier = Modifier.height(8.dp))
        Text(postText)
        Spacer(modifier = Modifier.height(8.dp))
        Row(
            horizontalArrangement = Arrangement.SpaceAround,
            modifier = Modifier.fillMaxWidth()
        ) {
            IconButton(onClick = {}) { Icon(Icons.Default.ThumbUp, contentDescription = &quot;Like&quot;) }
            IconButton(onClick = {}) { Icon(Icons.Default.Comment, contentDescription = &quot;Comment&quot;) }
            IconButton(onClick = {}) { Icon(Icons.Default.Share, contentDescription = &quot;Share&quot;) }
        }
    }
}

@Composable
fun FacebookBottomNav() {
    NavigationBar {
        NavigationBarItem(
            selected = true,
            onClick = {},
            icon = { Icon(Icons.Default.Home, contentDescription = &quot;Home&quot;) },
            label = { Text(&quot;Home&quot;) }
        )
        NavigationBarItem(
            selected = false,
            onClick = {},
            icon = { Icon(Icons.Default.People, contentDescription = &quot;Friends&quot;) },
            label = { Text(&quot;Friends&quot;) }
        )
        NavigationBarItem(
            selected = false,
            onClick = {},
            icon = { Icon(Icons.Default.Notifications, contentDescription = &quot;Notifications&quot;) },
            label = { Text(&quot;Notifications&quot;) }
        )
        NavigationBarItem(
            selected = false,
            onClick = {},
            icon = { Icon(Icons.Default.Menu, contentDescription = &quot;Menu&quot;) },
            label = { Text(&quot;Menu&quot;) }
        )
    }
}
fix my code</historyEntry>
        <historyEntry timestamp="1754923831943">fix my code  Image(
            painter = painterResource(id = R.drawable.my_image), // Corrected: removed .png
            contentDescription = &quot;Sample Image&quot;,
            modifier = Modifier.size(150.dp)
        )</historyEntry>
        <historyEntry timestamp="1754922099644">fix my code package com.example.rssreader

import android.os.Bundle
import androidx.activity.ComponentActivity
import androidx.activity.compose.setContent
import androidx.activity.enableEdgeToEdge
import androidx.compose.foundation.Image
import androidx.compose.foundation.layout.*
import androidx.compose.material3.Scaffold
import androidx.compose.material3.Text
import androidx.compose.runtime.Composable
import androidx.compose.ui.Alignment
import androidx.compose.ui.Modifier
import androidx.compose.ui.res.painterResource
import androidx.compose.ui.tooling.preview.Preview
import androidx.compose.ui.unit.dp
import com.example.rssreader.ui.theme.RSSReaderTheme

class MainActivity : ComponentActivity() {
    override fun onCreate(savedInstanceState: Bundle?) {
        super.onCreate(savedInstanceState)
        enableEdgeToEdge()
        setContent {
            RSSReaderTheme {
                Scaffold(modifier = Modifier.fillMaxSize()) { innerPadding -&gt;
                    Greeting(
                        name = &quot;Android&quot;,
                        modifier = Modifier.padding(innerPadding)
                    )
                }
            }
        }
    }
}

@Composable
fun Greeting(name: String, modifier: Modifier = Modifier) {
    Column(
        modifier
            .fillMaxSize()
            .padding(16.dp), horizontalAlignment = Alignment.CenterHorizontally
    ) {
        // Show text
        Box {
            Text(text = &quot;Hello $name!&quot;)
        }

        Spacer(modifier = Modifier.height(16.dp))

        // Show image from drawable folder
        Image(
            painter = painterResource(id = R.drawable.my_image.png), // put your image in res/drawable folder
            contentDescription = &quot;Sample Image&quot;,
            modifier = Modifier.size(150.dp)
        )
    }
}

@Preview(showBackground = true)
@Composable
fun GreetingPreview() {
    RSSReaderTheme {
        Greeting(&quot;Android&quot;)
    }
}</historyEntry>
        <historyEntry timestamp="1754921907003">I'm getting the following error while building my project. The error is: Conflicting import: imported name 'ComponentActivity' is ambiguous.
```
$ ./gradlew :app:compileDebugKotlin
e: file:///C:/Users/user/AndroidStudioProjects/RSSreader/app/src/main/java/com/example/rssreader/MainActivity.kt:4:26 Conflicting import: imported name 'ComponentActivity' is ambiguous.
```
How do I fix this?</historyEntry>
        <historyEntry timestamp="1754921807055">I'm getting the following error while building my project. The error is: The daemon has terminated unexpectedly on startup attempt #1 with error code: 0. The daemon process output:
```
$ ./gradlew :app:compileDebugKotlin
The daemon has terminated unexpectedly on startup attempt #1 with error code: 0. The daemon process output:
    1. Kotlin compile daemon is ready
```
How do I fix this?</historyEntry>
      </list>
    </option>
  </component>
</application>