<application>
  <component name="Trusted.Paths">
    <option name="TRUSTED_PROJECT_PATHS">
      <map>
        <entry key="C:\Users\user\AndroidStudioProjects\ColorRGB" value="true" />
        <entry key="C:\Users\user\AndroidStudioProjects\HomeFragment" value="true" />
        <entry key="C:\Users\user\AndroidStudioProjects\Homefragment2" value="true" />
        <entry key="C:\Users\user\AndroidStudioProjects\Homefragment3" value="true" />
        <entry key="C:\Users\user\AndroidStudioProjects\LabActivity13" value="true" />
        <entry key="C:\Users\user\AndroidStudioProjects\LoginButtom" value="true" />
        <entry key="C:\Users\user\AndroidStudioProjects\MyApplication" value="true" />
        <entry key="C:\Users\user\AndroidStudioProjects\MyApplication10" value="true" />
        <entry key="C:\Users\user\AndroidStudioProjects\MyApplication11" value="true" />
        <entry key="C:\Users\user\AndroidStudioProjects\MyApplication12" value="true" />
        <entry key="C:\Users\user\AndroidStudioProjects\MyApplication2" value="true" />
        <entry key="C:\Users\user\AndroidStudioProjects\MyApplication3" value="true" />
        <entry key="C:\Users\user\AndroidStudioProjects\MyApplication4" value="true" />
        <entry key="C:\Users\user\AndroidStudioProjects\MyApplication6" value="true" />
        <entry key="C:\Users\user\AndroidStudioProjects\MyApplication7" value="true" />
        <entry key="C:\Users\user\AndroidStudioProjects\MyApplication8" value="true" />
        <entry key="C:\Users\user\AndroidStudioProjects\MyApplication9" value="true" />
        <entry key="C:\Users\user\AndroidStudioProjects\MyApplicationRGB" value="true" />
        <entry key="C:\Users\user\AndroidStudioProjects\MyApplicationRGBHEX" value="true" />
        <entry key="C:\Users\user\AndroidStudioProjects\RSSreader" value="true" />
        <entry key="C:\Users\user\AndroidStudioProjects\homefragment4" value="true" />
      </map>
    </option>
  </component>
</application>