<application>
  <component name="DimensionService">
    <location key="WELCOME_SCREEN.0.0.1366.768" x="683" y="326" />
    <size key="GridCell.Tab.0.left.0.0.1366.768" width="1283" height="213" />
    <size key="GridCell.Tab.0.center.0.0.1366.768" width="1283" height="213" />
    <size key="GridCell.Tab.0.right.0.0.1366.768" width="1283" height="213" />
    <size key="GridCell.Tab.0.bottom.0.0.1366.768" width="1283" height="213" />
  </component>
  <component name="WindowManager">
    <frame x="10" y="20" width="1346" height="728" extendedState="6" />
  </component>
  <component name="WindowStateApplicationService">
    <state width="446" height="135" key="ShowUsagesActions.dimensionServiceKey" timestamp="1759032737978">
      <screen x="0" y="0" width="1366" height="768" />
    </state>
    <state width="446" height="135" key="ShowUsagesActions.dimensionServiceKey/0.0.1366.768" timestamp="1759032737978" />
    <state x="683" y="326" key="WELCOME_SCREEN" timestamp="1754906779610">
      <screen x="0" y="0" width="1366" height="768" />
    </state>
    <state x="683" y="326" key="WELCOME_SCREEN/0.0.1366.768" timestamp="1754906779610" />
  </component>
</application>